id;code;libelle;date_created;date_updated;date_deleted;user_created;user_updated;user_deleted
1;interface;Lebanese Pound Consultant;2020-03-24;2020-03-25;2020-03-25;16804;50012;74438
2;knowledge user 24/7;Generic Factors Rustic;2020-03-25;2020-03-25;2020-03-25;37641;53330;24719
3;purple;software innovative;2020-03-25;2020-03-24;2020-03-25;19470;74080;66594
4;upward-trending synthesize plum;turquoise utilisation web-enabled;2020-03-24;2020-03-25;2020-03-25;33531;30359;38303
5;Unbranded;Palau Concrete;2020-03-25;2020-03-25;2020-03-25;88768;35411;93331
6;deliverables;paradigms Home Loan Account Maryland;2020-03-24;2020-03-25;2020-03-24;35463;97259;53660
7;HDD hard drive Fresh;Officer;2020-03-25;2020-03-25;2020-03-24;66199;86136;64390
8;Soap;SDD optimal;2020-03-25;2020-03-25;2020-03-24;10193;43164;12413
9;Technician SAS firewall;Texas Handcrafted Steel Cheese tangible;2020-03-25;2020-03-24;2020-03-25;75451;57427;62260
10;payment;non-volatile Gloves Wooden;2020-03-25;2020-03-25;2020-03-25;12753;24094;33364
