id;code_patient;nom_patient;prenom;adresse;email;date_naissance;genre;photo;photo_content_type;password;telephone;numero_piece;code_barre;entreprise;ville;quartier;longitude;latitude;lieu_naissance;fonction_patient;situation_sociale;solde;carte_patient;bloque;date_validite;motif_blocage;prenom_pere_patient;nom_mere_patient;prenom_mere_patient;motif_admission;personne_a_contacter;adresse_pers_a_contacter;tel_pers_a_contacter;lien_parente_pers_a_contacter;nom_accompagnant;prenom_accompagnant;tel_accompagnant;habitude_de_vie;physio_pathologique;date_created;date_updated;user_created;user_updated;user_deleted
1;Steel Graphical User Interface;Personal Loan Account;Architect Montana Paradigm;scalable Buckinghamshire;Karine58@hotmail.com;2020-03-24;Pre-emptive;../fake-data/blob/hipster.png;image/png;Iraq;647-921-1077;open architecture Timor-Leste;Toys;navigating withdrawal Credit Card Account;Generic;Louisiana port;methodical Cambridgeshire;integrated demand-driven;Avon Corporate;Ohio Credit Card Account;Small Plastic Chair wireless;20616;engineer GB Plastic;true;2020-03-25;Frozen Checking Account Sleek Concrete Shirt;Refined 1080p;Australia;Global Response;yellow Movies turquoise;Salad Progressive;eyeballs HTTP revolutionize;action-items human-resource;Handcrafted Plastic Table turn-key deposit;Implemented Avon;Open-architected;Track e-enable;Metal;back up;2020-03-25;2020-03-25;72478;9767;934
2;Program;architecture;COM expedite Human;ubiquitous e-tailers;Johann37@gmail.com;2020-03-25;Usability Salad;../fake-data/blob/hipster.png;image/png;programming Israel;1-899-872-2306 x4343;Branch Baby Intelligent Cotton Mouse;implementation front-end Exclusive;cross-media;primary Fantastic Granite Ball;Ergonomic;Iceland Krona;Norwegian Krone systems;gold;Fully-configurable cultivate;Senior;5990;Incredible Steel Tuna Avon Falkland Islands Pound;false;2020-03-25;Divide;Kentucky;Car Multi-channelled Senegal;grow Savings Account;Money Market Account;Turkish Lira Turks and Caicos Islands Sleek Concrete Tuna;indigo;Function-based;open-source Ohio Handcrafted Fresh Hat;Awesome service-desk;Licensed Pre-emptive Inlet;quantify platforms back-end;HTTP bandwidth-monitored;channels Czech Koruna Handmade Plastic Pizza;2020-03-25;2020-03-25;82153;13479;78423
3;systemic;approach tan;Parkway;Surinam Dollar 24/7;Wilburn28@gmail.com;2020-03-25;firewall;../fake-data/blob/hipster.png;image/png;cross-platform Licensed Concrete Ball;072.203.9941 x053;Face to face Canyon;microchip Bedfordshire;hardware;multi-byte quantify Metical;intermediate Awesome SMS;index;Kina Wyoming card;HDD Incredible;Fantastic Cotton Soap;Health synergies Savings Account;61542;Metal;false;2020-03-25;back-end;bluetooth Metal;Berkshire;Metal;protocol;Lead;haptic recontextualize;Refined Concrete Cheese Frozen;e-business;Investment Account Alabama;JBOD Adaptive Vista;Handmade;interface National Knoll;synergies schemas;2020-03-25;2020-03-25;77879;68979;72250
4;back up sensor leading edge;transmitting;array Home Loan Account;Sleek Steel Table Officer;Viviane27@gmail.com;2020-03-25;navigating payment;../fake-data/blob/hipster.png;image/png;Agent;(195) 605-0711;Organic ivory solid state;Baby Metal Object-based;RAM;SMS Health;Officer;protocol;Future Berkshire Fiji Dollar;hack Toys;deposit Pants Garden;Cotton;65964;Security Malta;false;2020-03-25;Ergonomic Berkshire COM;national action-items;mint green 1080p Fantastic Soft Computer;Web;Books;Investment Account invoice;Licensed Fresh Pants Planner;withdrawal hard drive;Polarised functionalities Specialist;real-time Personal Loan Account;Unbranded Concrete Table;Electronics Forward;infomediaries Practical Group;Cross-group Yemen Home Loan Account;2020-03-24;2020-03-25;12882;40889;68616
5;Highway;GB Refined Creative;Rustic Fresh Salad Liaison;incentivize Saint Helena Pound Berkshire;Maybell82@hotmail.com;2020-03-25;Virtual;../fake-data/blob/hipster.png;image/png;platforms Berkshire;(659) 212-6601 x272;back-end Beauty Decentralized;pixel Kids asynchronous;firmware Gorgeous;Concrete Legacy invoice;Licensed;deposit;Route;olive;generating COM;COM Tuna Lead;97258;time-frame;false;2020-03-25;Practical Branding;dynamic Accounts compressing;Global;Practical;deposit Ball Plastic;methodologies;Tasty Fresh Pants Savings Account strategy;benchmark panel PNG;Decentralized;Kansas next-generation;Reactive Sleek;quantifying;Buckinghamshire green;hub Georgia;2020-03-24;2020-03-25;67544;79055;19097
6;Pizza Cloned e-tailers;engage deposit array;EXE;Generic Steel Pizza;Ara20@yahoo.com;2020-03-24;Architect Practical Fresh Gloves;../fake-data/blob/hipster.png;image/png;white Cotton;(595) 249-6221;International cross-platform;Cambridgeshire dynamic;metrics;infrastructures Ports channels;connecting;International XML;Fantastic deposit Guarani;Solomon Islands Dollar Product;moratorium Ball;Marketing Soft networks;89123;red Optimization;false;2020-03-25;sensor;Grocery e-markets integrate;Saint Barthelemy TCP;applications;Home Loan Account Ball;Borders;Polarised Sausages;Senior invoice Executive;compressing Designer frame;Legacy yellow;RAM Concrete;Credit Card Account Incredible Metal Gloves Forward;Qatari Rial;parsing Wooden;2020-03-24;2020-03-25;18680;35244;49861
7;Gloves Credit Card Account bypass;Polarised Investment Account Washington;Iowa 4th generation Tasty;tan Rustic scalable;Iliana_DAmore15@yahoo.com;2020-03-25;action-items Tunnel;../fake-data/blob/hipster.png;image/png;Steel withdrawal;840.321.9674 x440;wireless;Lights invoice;Bacon;parse tan;applications parsing Sudanese Pound;withdrawal Investment Account;Reduced Rustic Rubber Towels;Dynamic Group;best-of-breed Global Buckinghamshire;National District;99987;Rustic world-class;true;2020-03-25;Producer;Australia deposit e-business;Gloves;Brooks Handmade Soft Ball Lead;redefine;withdrawal synthesize;e-tailers Fresh transmitting;virtual infrastructures;invoice National;Investment Account;Orchestrator relationships Rufiyaa;Steel;Intelligent;Point;2020-03-25;2020-03-25;90673;27046;23978
8;Credit Card Account Infrastructure Borders;Directives;hard drive;evolve;Judah_Wehner@yahoo.com;2020-03-25;Direct;../fake-data/blob/hipster.png;image/png;Missouri;908.946.7085;Bahamas Fantastic;application;cohesive Multi-tiered;Hryvnia;structure blue;rich ability;supply-chains;Directives JSON;architect;Generic Wooden Ball;64434;national Customer Handcrafted Granite Cheese;true;2020-03-24;multi-byte circuit redundant;New Mexico utilisation;National;Representative red Springs;bricks-and-clicks withdrawal;Granite;RSS Chicken;Buckinghamshire;Handcrafted Fresh Mouse content-based;Division International bandwidth;Savings Account integrated;bricks-and-clicks;hacking connecting Money Market Account;best-of-breed mindshare;2020-03-25;2020-03-25;62212;35922;57927
9;Senior;Iowa Avon Profit-focused;SCSI Swedish Krona Kansas;Berkshire Buckinghamshire;Mara26@hotmail.com;2020-03-25;quantifying Associate invoice;../fake-data/blob/hipster.png;image/png;knowledge base;943.521.6823;e-enable;zero administration withdrawal;HTTP;Sports Strategist;Soft;Computers Uzbekistan;Function-based Metrics convergence;yellow Multi-channelled;Berkshire primary;1080p deliverables Sleek;3533;CSS;false;2020-03-25;Iowa Berkshire Riel;bypass silver;Comoros;digital;multi-byte;transmit Global connecting;bypass;Movies;Computers Executive Views;Realigned;Global mobile;SCSI Garden hacking;Right-sized Unbranded;program Trace;2020-03-24;2020-03-24;84026;88423;83775
10;Metal;card Handmade Strategist;Investment Account;Borders Gloves maroon;Juston_Cole84@hotmail.com;2020-03-25;Dynamic;../fake-data/blob/hipster.png;image/png;infomediaries alarm;(537) 679-6953 x36028;Forward;tan Dynamic platforms;neural-net;open-source Idaho;Alaska;SQL seamless;withdrawal;Cameroon;value-added withdrawal;Director;33950;Credit Card Account firewall;true;2020-03-25;Jordan maximize;back-end Cambridgeshire;generating cultivate cyan;Liaison cross-media Syrian Arab Republic;Terrace context-sensitive feed;open-source;Sao Tome and Principe;Home Loan Account;Compatible adapter;efficient;bus bypassing;Universal;e-services generating interfaces;withdrawal bypassing enable;2020-03-25;2020-03-25;5194;17322;46500
